Transaction number,Serial No,Date,User ID,Product ID,Quantity Purchased,Price,User Type
0,1000,1/1/2016,-101,0,14,,n
1,1001,1/19/2016,5863,863,9,716.31,n
2,1002,9/2/2016,5265,301,4,1029.63,n
3,1003,6/1/2016,5113,1006,29,748.64,n
4,1004,,5600,516,17,878.13,n
5,1005,,5188,326,40,2848.73,n
6,1006,,5531,840,39,1480.67,n
7,1007,1/19/2016,5359,178,24,,n
8,1008,,5297,1036,16,4259.63,n
9,1009,,5898,575,17,5519.98,n
10,1010,,5914,813,34,2422.94,n
11,1011,,5254,657,22,4709.9,n
12,1012,6/1/2016,5635,709,31,3313,c
13,1013,1/23/2016,5988,904,7,713.59,n
14,1014,,5498,880,37,5068.75,n
15,1015,,5317,734,41,3225.03,n
16,1016,6/1/2016,5562,852,12,1587.65,n
17,1017,,5124,989,3,3523.72,n
18,1018,,5508,766,4,182.62,n
19,1019,,5217,420,24,2596.76,c
20,1020,,5086,900,1,1444.67,n
21,1021,1/27/2016,5433,666,10,2527.62,n
22,1022,1/1/2016,5349,856,1,732.64,c
23,1023,,5376,573,23,1725.1,c
24,1024,3/2/2016,5447,387,8,198.14,n
25,1025,,5402,615,1,1998.05,n
26,1026,1/13/2016,5351,459,16,1218.31,c
27,1027,1/22/2016,5456,348,10,3803.93,c
28,1028,2/2/2016,5436,980,38,3322.18,c
29,1029,,5638,880,35,2212.41,n
30,1030,10/1/2016,5778,526,35,240.4,n
31,1031,1/19/2016,5474,109,23,2616.32,a
32,1032,9/2/2016,5892,771,13,3177.89,a
33,1033,,5587,182,20,11.49,a
34,1034,1/30/2016,5370,258,3,2201.18,n
35,1035,9/2/2016,5592,701,18,2617.39,d
36,1036,,5115,746,41,887.31,c
37,1037,10/1/2016,5603,927,17,,n
38,1038,6/2/2016,5654,257,20,3433.69,d
39,1039,4/1/2016,5162,647,22,1412.91,c
40,1040,9/1/2016,5079,786,9,2085.94,n
41,1041,1/18/2016,5998,434,22,4914.89,a
42,1042,1/29/2016,5600,764,23,1798.53,c
43,1043,7/1/2016,5312,841,23,646.06,c
44,1044,,5866,960,12,659.81,c
45,1045,1/17/2016,5758,622,20,2021.47,c
46,1046,3/2/2016,5847,797,8,2942.39,n
47,1047,1/28/2016,5632,535,23,3391.69,c
48,1048,9/1/2016,5089,493,12,1701.04,a
49,1049,1/19/2016,5134,457,26,1708.16,c
50,1050,,5031,340,40,2014.57,c
51,1051,,5814,750,31,2226.51,n
52,-1,,5624,169,40,1310.33,a
53,1053,1/1/2016,5681,339,6,1892.93,d
54,1054,5/2/2016,5159,208,22,729.75,n
55,1055,10/2/2016,5262,436,37,2263.23,d
56,1056,9/1/2016,5154,693,1,1319.27,n
57,1057,1/31/2016,5085,337,27,26.61,c
58,1058,1/15/2016,5458,264,20,4277.52,b
59,1059,6/1/2016,5025,638,22,1689.33,a
60,1060,6/1/2016,5485,986,2,1321.13,d
61,1061,,5146,800,20,5918.3,d
62,1062,1/22/2016,5519,818,41,192.06,c
63,1063,4/1/2016,5422,643,22,1000.07,d
64,1064,8/2/2016,5184,503,39,2360.48,c
65,1065,1/31/2016,5895,386,22,4507.01,b
66,-1,,5790,1037,10,1090.93,c
67,1067,1/21/2016,5711,426,5,3858.29,d
68,1068,11/1/2016,5020,429,4,418.31,c
69,-1,1/29/2016,5026,430,18,,b
70,1070,6/2/2016,5322,241,31,1160.97,a
71,1071,,5575,1015,37,3149.38,d
72,1072,7/2/2016,5156,726,41,1430.56,d
73,1073,1/23/2016,5825,1077,2,230.58,c
74,1074,,5577,453,6,4727.31,a
75,1075,5/1/2016,5536,572,5,1893.14,c
76,1076,5/1/2016,5978,255,5,301.28,a
77,1077,1/28/2016,5063,432,16,2531.22,b
78,1078,3/2/2016,5866,619,30,2459.23,b
79,1079,1/31/2016,5874,694,41,3163.51,c
80,1080,,5984,341,6,3666.14,d
81,1081,8/2/2016,5600,501,19,2112.54,a
82,1082,1/27/2016,5031,429,24,3209.23,a
83,1083,2/2/2016,5734,471,4,3170.56,d
84,1084,1/28/2016,5816,145,8,4451.04,a
85,1085,4/1/2016,5382,345,14,470.75,c
86,1086,2/2/2016,5242,1067,11,3550.53,c
87,1087,11/1/2016,5667,804,14,2097.09,c
88,1088,1/23/2016,5882,580,10,380.28,a
89,1089,1/26/2016,5902,835,9,2918.37,b
90,1090,4/2/2016,5647,213,33,1873.25,a
91,1091,1/19/2016,5796,379,14,580.48,a
92,1092,5/1/2016,5523,537,30,2471.41,a
93,1093,1/26/2016,5693,485,25,,c
94,1094,1/17/2016,5327,937,25,,b
95,1095,1/30/2016,5664,388,7,5757.76,b
96,1096,6/2/2016,5884,964,23,3897.31,a
97,1097,1/28/2016,5712,255,24,1693.57,b
98,1098,7/1/2016,5757,535,2,838.56,c
99,1099,5/2/2016,5301,1089,39,923.74,a
100,1100,1/13/2016,5597,565,4,4064.52,b
101,1101,1/19/2016,5863,863,6,4516.65,c
102,1102,9/1/2016,5265,301,2,1062.36,a
103,1103,11/2/2016,5113,1006,29,3161.03,a
104,1104,1/17/2016,5600,516,9,2459.57,c
105,1105,1/1/2016,5188,326,12,408.47,d
106,1106,9/1/2016,5531,840,39,3524.86,c
107,1107,1/16/2016,5359,178,7,654.06,d
108,1108,1/27/2016,5297,1036,2,2243.46,a
109,1109,1/25/2016,5898,575,40,4468.74,d
110,1110,1/29/2016,5914,813,16,2650,c
111,1111,4/2/2016,5254,657,15,5104.3,c
112,1112,11/1/2016,5635,709,4,1973.01,b
113,1113,1/28/2016,5988,904,3,3919.95,b
114,1114,6/1/2016,5498,880,1,1247.88,d
115,1115,3/1/2016,5317,734,14,3521.45,a
116,1116,1/18/2016,5562,852,22,509.71,b
117,1117,8/1/2016,5124,989,35,577.69,d
118,1118,5/2/2016,5508,766,7,,d
119,1119,7/2/2016,5217,420,4,3689.81,a
120,1120,6/1/2016,5086,900,32,4962.02,d
121,1121,3/1/2016,5433,666,27,1685.25,a
122,1122,,5349,856,39,3485.3,d
123,1123,1/17/2016,5376,573,3,717.45,a
124,1124,1/13/2016,5447,387,9,3650.51,d
125,1125,4/1/2016,5402,615,12,3446.58,a
126,1126,1/15/2016,5351,459,26,3098.25,c
127,1127,4/1/2016,5456,348,35,5989.19,d
128,1128,7/2/2016,5436,980,12,,c
129,1129,1/31/2016,5638,880,23,3165.22,d
130,1130,8/2/2016,5778,526,4,2705.58,c
131,-1,,5474,109,41,2752.49,b
132,-1,,5892,771,14,3787.07,b
133,1133,7/1/2016,5587,182,23,5763.12,a
134,1134,8/2/2016,5370,258,37,1347.49,b
135,1135,1/19/2016,5592,701,5,1876.24,d
136,1136,1/16/2016,5115,746,18,5806.62,d
137,1137,3/1/2016,5603,927,33,3026.35,a
138,1138,1/21/2016,5654,257,20,1442.69,c
139,1139,3/1/2016,5162,647,1,3010.01,c
140,1140,1/26/2016,5079,786,30,1593.76,c
141,1141,8/1/2016,5998,434,29,719.26,c
142,-1,1/13/2016,5600,764,18,3867.11,d
143,1143,1/17/2016,5312,841,5,1722.44,d
144,1144,1/1/2016,5866,960,20,5632.91,c
145,1145,1/17/2016,5758,622,21,4272.28,a
146,1146,1/27/2016,5847,797,3,1048.16,c
147,1147,1/13/2016,5632,535,33,4415.31,c
148,1148,9/1/2016,5089,493,26,4488.65,b
149,1149,7/1/2016,5134,457,28,4413.49,d
150,1150,1/31/2016,5031,340,16,4185.64,c
151,1151,1/26/2016,5814,750,18,289.23,a
152,1152,5/2/2016,5624,169,2,978.75,c
153,1153,1/15/2016,5681,339,27,4247.27,c
154,1154,5/1/2016,5159,208,41,4126.22,c
155,1155,,5262,436,10,5189.66,d
156,1156,1/18/2016,5154,693,15,450.69,c
157,1157,8/1/2016,5085,337,38,227.81,b
158,1158,1/17/2016,5458,264,25,4661.21,b
159,1159,1/13/2016,5025,638,20,2419.16,d
160,1160,1/30/2016,5485,986,26,160.87,a
161,1161,1/2/2016,5146,800,3,583,d
162,1162,4/2/2016,5519,818,24,1559.63,a
163,1163,10/2/2016,5422,643,36,2202.63,b
164,1164,12/1/2016,5184,503,23,5431.21,d
165,1165,9/1/2016,5895,386,29,3732.26,c
166,1166,5/2/2016,5790,1037,6,681.18,d
167,1167,11/1/2016,5711,426,40,4493.38,c
168,1168,1/17/2016,5020,429,33,1193.71,d
169,1169,1/28/2016,5026,430,24,4698.34,d
170,1170,10/1/2016,5322,241,41,2221.69,c
171,1171,1/14/2016,5575,1015,5,4583.3,d
172,1172,1/18/2016,5156,726,19,1158.12,a
173,1173,3/2/2016,5825,1077,23,1299.37,b
174,1174,1/21/2016,5577,453,27,1459.91,a
175,1175,1/31/2016,5536,572,19,198.04,b
176,1176,1/19/2016,5978,255,13,2097.75,c
177,1177,1/2/2016,5063,432,30,3976.39,c
178,1178,11/1/2016,5866,619,37,4170.65,d
179,1179,4/2/2016,5874,694,26,2171.06,c
180,1180,3/2/2016,5984,341,35,3635.95,b
181,1181,1/25/2016,5600,501,26,920.48,c
182,1182,1/22/2016,5031,429,30,2231.74,d
183,1183,1/18/2016,5734,471,36,3076.37,d
184,1184,2/2/2016,5816,145,18,,d
185,1185,1/13/2016,5382,345,12,2959.48,a
186,1186,8/2/2016,5242,1067,38,2603.65,a
187,1187,2/1/2016,5667,804,14,155.63,c
188,1188,1/19/2016,5882,580,12,536.43,a
189,1189,1/22/2016,5902,835,14,1823.86,d
190,1190,4/1/2016,5647,213,25,6540.47,c
191,1191,1/29/2016,5796,379,4,1961.35,d
192,1192,9/2/2016,5523,537,24,2059.1,b
193,1193,6/2/2016,5693,485,19,693.2,c
194,1194,1/13/2016,5327,937,32,3602.11,a
195,1195,6/1/2016,5664,388,1,176.26,b
196,1196,1/24/2016,5884,964,17,4168.96,d
197,1197,1/22/2016,5712,255,27,3899.82,a
198,1198,1/16/2016,5757,535,12,4797.77,c
199,1199,5/2/2016,5301,1089,9,1124.9,a
200,1200,1/31/2016,5597,565,21,2795.24,d
201,1201,1/25/2016,5863,863,4,1280.68,c
202,1202,1/1/2016,5265,301,23,,b
203,1203,1/23/2016,5113,1006,40,1288.58,a
204,1204,1/14/2016,5600,516,12,351.43,a
205,1205,8/2/2016,5188,326,28,524.5,a
206,1206,1/16/2016,5531,840,27,4419.08,c
207,1207,3/2/2016,5359,178,5,2006.65,b
208,1208,12/1/2016,5297,1036,19,5325.94,d
209,1209,1/31/2016,5898,575,3,2001.29,b
210,1210,7/2/2016,5914,813,27,186.21,a
211,1211,3/1/2016,5254,657,7,1269.03,d
212,1212,1/17/2016,5635,709,13,2848.02,b
213,1213,9/1/2016,5988,904,29,1309.85,b
214,1214,1/19/2016,5498,880,32,5660.2,c
215,1215,11/2/2016,5317,734,23,198.48,a
216,1216,10/1/2016,5562,852,26,712.03,c
217,1217,12/1/2016,5124,989,25,2569.12,a
218,1218,8/1/2016,5508,766,37,5019.67,b
219,1219,1/20/2016,5217,420,5,651.98,c
220,1220,7/1/2016,5086,900,30,1668.32,a
221,1221,10/2/2016,5433,666,21,3553.02,c
222,1222,1/18/2016,5349,856,15,413.98,b
223,1223,7/2/2016,5376,573,28,2754.82,b
224,1224,1/16/2016,5447,387,35,4543.91,b
225,1225,1/27/2016,5402,615,34,2652.27,d
226,1226,1/2/2016,5351,459,11,960.19,b
227,1227,1/28/2016,5456,348,12,3843.88,a
228,1228,10/2/2016,5436,980,6,4081.1,d
229,1229,1/15/2016,5638,880,18,2608.03,a
230,1230,12/1/2016,5778,526,27,3068.73,b
231,1231,1/29/2016,5474,109,22,,b
232,1232,9/2/2016,5892,771,14,319.8,a
233,1233,1/13/2016,5587,182,34,1585.13,d
234,1234,5/1/2016,5370,258,15,3557.87,d
235,1235,1/15/2016,5592,701,6,4150.15,a
236,1236,1/2/2016,5115,746,28,107.2,a
237,1237,1/31/2016,5603,927,20,3110.05,a
238,1238,12/1/2016,5654,257,36,3406.45,b
239,1239,7/2/2016,5162,647,8,823.67,c
240,1240,5/2/2016,5079,786,2,876.11,d
241,1241,1/21/2016,5998,434,14,3539.4,c
242,1242,4/1/2016,5600,764,1,5295.27,c
243,1243,9/2/2016,5312,841,26,2202.85,a
244,1244,1/28/2016,5866,960,19,5409.53,c
245,1245,6/1/2016,5758,622,5,1676.43,d
246,1246,1/30/2016,5847,797,5,2915.91,c
247,1247,1/31/2016,5632,535,4,4373.84,c
248,1248,1/26/2016,5089,493,8,2418.71,a
249,1249,6/2/2016,5134,457,23,1843,a
250,1250,1/15/2016,5031,340,31,472.36,c
251,1251,10/2/2016,5814,750,22,1347.9,c
252,1252,11/2/2016,5624,169,24,3326.38,b
253,1253,9/2/2016,5681,339,15,980.9,b
254,-1,8/2/2016,5159,208,22,787.42,a
255,1255,8/2/2016,5262,436,17,3334.98,a
256,1256,1/2/2016,5154,693,24,2199.37,b
257,1257,11/1/2016,5085,337,27,2632.09,b
258,1258,1/30/2016,5458,264,5,742.13,c
259,1259,1/21/2016,5025,638,5,666.92,d
260,1260,1/22/2016,5485,986,6,6022.27,b
261,1261,1/16/2016,5146,800,3,5439.36,d
262,1262,1/26/2016,5519,818,37,1068.5,b
263,1263,6/2/2016,5422,643,23,4674.21,b
264,1264,1/2/2016,5184,503,6,1712.32,a
265,1265,4/2/2016,5895,386,8,887.76,d
266,1266,1/2/2016,5790,1037,12,183.83,d
267,1267,1/1/2016,5711,426,18,5344.19,b
268,1268,4/1/2016,5020,429,41,3073.43,d
269,1269,8/1/2016,5026,430,10,3332.91,c
270,1270,1/28/2016,5322,241,22,316.08,c
271,1271,1/22/2016,5575,1015,24,97.74,b
272,1272,2/1/2016,5156,726,1,2329.18,b
273,1273,10/1/2016,5825,1077,25,1882.04,c
274,1274,1/2/2016,5577,453,36,1825.05,c
275,1275,9/1/2016,5536,572,21,5630.61,c
276,1276,1/20/2016,5978,255,38,3111.86,c
277,-1,4/2/2016,5063,432,13,3075.17,a
278,1278,1/18/2016,5866,619,13,5645.49,c
279,1279,11/1/2016,5874,694,37,975.97,b
280,1280,1/27/2016,5984,341,7,1645.71,c
281,1281,1/21/2016,5600,501,9,2527.01,c
282,1282,5/1/2016,5031,429,31,2121.21,c
283,1283,2/1/2016,5734,471,38,442.74,b
284,1284,5/2/2016,5816,145,7,3370.93,c
285,1285,1/1/2016,5382,345,19,1583.5,c
286,1286,1/2/2016,5242,1067,36,2732.09,c
287,1287,1/23/2016,5667,804,23,152.67,d
288,1288,3/2/2016,5882,580,33,48.61,c
289,1289,7/1/2016,5902,835,15,711.25,d
290,1290,6/2/2016,5647,213,17,3841.52,d
291,1291,10/2/2016,5796,379,38,2147.69,c
292,1292,1/20/2016,5523,537,5,4379.26,c
293,1293,1/1/2016,5693,485,38,4734.95,c
294,1294,7/2/2016,5327,937,34,2935.42,d
295,1295,1/22/2016,5664,388,37,318.33,b
296,1296,1/2/2016,5884,964,24,3551.34,a
297,1297,1/29/2016,5712,255,41,4085.56,c
298,1298,10/2/2016,5757,535,7,3963.34,c
299,1299,4/1/2016,5301,1089,22,5752.39,d
300,1300,1/28/2016,5597,565,23,1292.48,c
301,1301,3/1/2016,5863,863,3,4347.5,b
302,1302,6/1/2016,5265,301,41,3989.28,b
303,1303,1/31/2016,5113,1006,3,5498.68,b
304,1304,8/1/2016,5600,516,36,117.67,c
305,1305,1/1/2016,5188,326,25,2487.1,b
306,1306,9/1/2016,5531,840,26,2514.27,b
307,1307,1/13/2016,5359,178,37,1325.68,b
308,1308,1/27/2016,5297,1036,36,459.06,c
309,1309,12/1/2016,5898,575,14,606.78,a
310,1310,3/2/2016,5914,813,4,4147.29,a
311,1311,6/1/2016,5254,657,30,4108.25,a
312,1312,1/21/2016,5635,709,39,79.61,d
313,1313,4/2/2016,5988,904,30,919.92,b
314,1314,1/26/2016,5498,880,6,1740.8,d
315,1315,8/1/2016,5317,734,21,1324.54,b
316,1316,10/2/2016,5562,852,18,2392.02,d
317,1317,10/2/2016,5124,989,30,699.75,d
318,1318,2/2/2016,5508,766,4,264.14,a
319,1319,1/1/2016,5217,420,17,4418.17,c
320,1320,8/1/2016,5086,900,10,283.71,c
321,1321,1/21/2016,5433,666,34,,b
322,1322,8/2/2016,5349,856,3,3337.54,b
323,1323,1/25/2016,5376,573,14,2924.24,d
324,-1,10/1/2016,5447,387,2,6988.85,a
325,1325,1/27/2016,5402,615,10,292.78,d
326,1326,4/1/2016,5351,459,10,881.43,b
327,1327,2/2/2016,5456,348,11,3671.37,b
328,1328,2/2/2016,5436,980,10,2681.73,b
329,1329,4/1/2016,5638,880,11,3810.75,a
330,1330,6/1/2016,5778,526,28,2662.82,d
331,1331,1/2/2016,5474,109,11,2350.2,b
332,1332,4/1/2016,5892,771,30,2246.29,a
333,1333,5/1/2016,5587,182,17,982,a
334,1334,1/15/2016,5370,258,27,917.37,a
335,1335,1/18/2016,5592,701,13,1212.25,d
336,1336,1/27/2016,5115,746,40,2657.11,b
337,-1,1/26/2016,5603,927,30,1378.56,b
338,1338,1/17/2016,5654,257,7,269.43,b
339,1339,5/2/2016,5162,647,4,1309.48,a
340,1340,1/14/2016,5079,786,39,2152.94,d
341,1341,11/1/2016,5998,434,16,3949.22,d
342,1342,1/28/2016,5600,764,37,2253.97,b
343,1343,1/29/2016,5312,841,41,4108.87,b
344,1344,1/24/2016,5866,960,11,1135.76,d
345,1345,2/1/2016,5758,622,1,,d
346,1346,1/27/2016,5847,797,17,263.56,c
347,-1,7/1/2016,5632,535,20,2540.93,b
348,1348,8/1/2016,5089,493,6,3722.17,a
349,-1,6/1/2016,5134,457,27,182.62,a
350,1350,1/18/2016,5031,340,32,1458.8,b
351,1351,2/1/2016,5814,750,17,2378.29,a
352,1352,12/1/2016,5624,169,20,1712.73,c
353,1353,1/30/2016,5681,339,1,5839.36,a
354,1354,9/2/2016,5159,208,24,1909.39,b
355,1355,1/18/2016,5262,436,8,2521.47,d
356,1356,2/1/2016,5154,693,40,3738.43,d
357,1357,1/16/2016,5085,337,11,4090.69,b
358,1358,1/26/2016,5458,264,35,2674.91,b
359,1359,1/14/2016,5025,638,32,4355.26,d
360,1360,1/31/2016,5485,986,16,1466.86,b
361,1361,1/13/2016,5146,800,41,1472.66,c
362,1362,1/1/2016,5519,818,35,7406.55,d
363,1363,7/1/2016,5422,643,3,82.58,b
364,-1,6/1/2016,5184,503,35,4568.71,a
365,1365,1/17/2016,5895,386,13,2038.76,a
366,1366,6/2/2016,5790,1037,9,2151.18,a
367,1367,8/1/2016,5711,426,25,3338.96,b
368,1368,1/17/2016,5020,429,1,4099.9,d
369,1369,2/1/2016,5026,430,9,836.46,d
370,1370,1/28/2016,5322,241,10,1274.79,d
371,1371,1/26/2016,5575,1015,40,438.41,a
372,1372,1/13/2016,5156,726,17,2524.03,c
373,1373,1/22/2016,5825,1077,24,3529.79,a
374,1374,1/15/2016,5577,453,10,2164.35,c
375,1375,1/1/2016,5536,572,4,2126.76,d
376,1376,1/28/2016,5978,255,36,616.42,d
377,1377,1/28/2016,5063,432,8,443.82,d
378,1378,1/29/2016,5866,619,24,5627.76,d
379,1379,1/2/2016,5874,694,41,1446.95,c
380,1380,11/1/2016,5984,341,37,5609.66,b
381,1381,5/1/2016,5600,501,19,900.12,a
382,1382,1/2/2016,5031,429,2,2205.44,a
383,1383,1/19/2016,5734,471,1,1978.43,d
384,1384,1/22/2016,5816,145,36,708.61,c
385,-1,1/27/2016,5382,345,1,1525.39,a
386,1386,4/2/2016,5242,1067,33,3897.95,d
387,-1,1/13/2016,5667,804,5,1792.82,b
388,1388,5/1/2016,5882,580,35,3953.46,c
389,1389,9/1/2016,5902,835,17,813.77,d
390,1390,10/2/2016,5647,213,39,,a
391,1391,5/2/2016,5796,379,30,3538.13,d
392,1392,1/15/2016,5523,537,34,2425.69,b
393,1393,1/21/2016,5693,485,1,5912.71,a
394,1394,2/1/2016,5327,937,30,537.19,b
395,1395,1/26/2016,5664,388,7,434.01,d
396,1396,11/2/2016,5884,964,37,1105.64,a
397,1397,1/31/2016,5712,255,26,2402.44,a
398,1398,3/2/2016,5757,535,16,1063.31,d
399,1399,5/1/2016,5301,1089,18,2693.49,d
400,1400,1/20/2016,5597,565,14,4314.17,b
401,1401,8/1/2016,5863,863,7,1952.74,d
402,1402,4/2/2016,5265,301,27,723.72,b
403,-1,1/27/2016,5113,1006,29,1013.66,d
404,1404,1/25/2016,5600,516,7,4778.87,a
405,1405,4/1/2016,5188,326,36,3261.73,b
406,1406,1/15/2016,5531,840,19,2596.25,b
407,1407,1/29/2016,5359,178,30,3173.67,b
408,1408,2/2/2016,5297,1036,21,1315.29,b
409,1409,1/17/2016,5898,575,25,2225.5,a
410,1410,1/18/2016,5914,813,35,2492.69,c
411,1411,1/27/2016,5254,657,5,868.58,d
412,1412,3/2/2016,5635,709,14,3318.62,b
413,1413,8/1/2016,5988,904,14,1663.73,d
414,-1,10/1/2016,5498,880,15,3772.8,b
415,1415,2/2/2016,5317,734,3,2547.05,c
416,1416,6/2/2016,5562,852,19,2426.36,d
417,1417,1/22/2016,5124,989,29,3486.87,d
418,1418,1/2/2016,5508,766,23,1699.77,b
419,1419,1/13/2016,5217,420,26,1132.96,b
420,1420,3/1/2016,5086,900,13,4164.9,b
421,1421,1/14/2016,5433,666,33,899.16,a
422,1422,2/2/2016,5349,856,36,234.47,b
423,1423,10/1/2016,5376,573,41,5147.24,a
424,1424,1/30/2016,5447,387,31,882.83,a
425,1425,10/1/2016,5402,615,18,150.23,a
426,1426,4/2/2016,5351,459,30,1634.18,a
427,1427,1/25/2016,5456,348,32,948.34,b
428,1428,1/31/2016,5436,980,30,4312.23,c
429,1429,1/25/2016,5638,880,1,3627.9,a
430,1430,1/18/2016,5778,526,37,3722.96,a
431,1431,2/1/2016,5474,109,6,,b
432,1432,4/1/2016,5892,771,38,2035.38,b
433,1433,1/14/2016,5587,182,23,1675.3,c
434,1434,4/2/2016,5370,258,3,3615.28,d
435,1435,12/1/2016,5592,701,19,1022.06,b
436,1436,7/1/2016,5115,746,26,2600.95,a
437,1437,8/2/2016,5603,927,38,337.04,b
438,1438,6/2/2016,5654,257,37,586.69,c
439,1439,1/29/2016,5162,647,6,4621.91,c
440,1440,1/18/2016,5079,786,30,920.46,a
441,1441,10/2/2016,5998,434,21,1749.54,a
442,1442,1/26/2016,5600,764,30,2352.85,c
443,1443,1/25/2016,5312,841,39,3749.32,d
444,1444,8/2/2016,5866,960,15,2161.29,b
445,1445,1/16/2016,5758,622,31,2005.06,c
446,1446,1/16/2016,5847,797,30,3362.32,d
447,1447,12/1/2016,5632,535,32,329.48,d
448,1448,5/2/2016,5089,493,8,2960.23,c
449,1449,6/2/2016,5134,457,22,2215.4,d
450,1450,1/14/2016,5031,340,1,4584.62,b
451,1451,7/2/2016,5814,750,40,1344.85,a
452,1452,8/2/2016,5624,169,27,3189.41,b
453,1453,10/1/2016,5681,339,38,3595.57,c
454,1454,3/2/2016,5159,208,31,2365.54,d
455,1455,7/1/2016,5262,436,35,3792.21,d
456,1456,7/1/2016,5154,693,31,2312.83,b
457,1457,1/28/2016,5085,337,37,2715.88,a
458,1458,1/15/2016,5458,264,14,3048.77,d
459,1459,1/31/2016,5025,638,10,0.78,d
460,1460,12/1/2016,5485,986,34,5242.77,c
461,1461,1/16/2016,5146,800,11,15.49,a
462,1462,3/2/2016,5519,818,11,4779.35,b
463,1463,1/31/2016,5422,643,31,775.03,d
464,-1,1/20/2016,5184,503,24,1544.21,b
465,1465,3/2/2016,5895,386,20,180.09,b
466,1466,6/1/2016,5790,1037,39,1281.8,c
467,1467,1/16/2016,5711,426,8,475.47,c
468,1468,8/2/2016,5020,429,23,69.68,d
469,1469,1/17/2016,5026,430,34,785.12,b
470,1470,4/2/2016,5322,241,14,2376.89,a
471,1471,8/2/2016,5575,1015,12,319.13,d
472,1472,1/22/2016,5156,726,19,635.51,d
473,1473,1/24/2016,5825,1077,28,1679.27,d
474,1474,1/20/2016,5577,453,39,5419.16,a
475,1475,4/1/2016,5536,572,26,3334.66,b
476,1476,7/2/2016,5978,255,6,1621.2,d
477,1477,4/1/2016,5063,432,17,1367.74,b
478,1478,7/2/2016,5866,619,34,964.76,a
479,1479,1/25/2016,5874,694,24,4049.96,c
480,1480,1/17/2016,5984,341,25,1534.25,d
481,1481,1/17/2016,5600,501,2,153.71,b
482,1482,10/2/2016,5031,429,1,1299.53,d
483,1483,11/2/2016,5734,471,36,267.55,c
484,1484,9/2/2016,5816,145,23,912.32,d
485,1485,1/1/2016,5382,345,10,1772.84,c
486,1486,1/23/2016,5242,1067,39,,b
487,1487,1/17/2016,5667,804,32,1026.08,d
488,1488,8/2/2016,5882,580,3,6047.65,c
489,1489,6/1/2016,5902,835,20,1407.32,d
490,1490,1/19/2016,5647,213,25,,d
491,1491,1/28/2016,5796,379,31,4033.16,b
492,1492,9/2/2016,5523,537,27,1868.02,c
493,1493,8/2/2016,5693,485,27,1106.52,c
494,1494,5/2/2016,5327,937,30,946.33,b
495,1495,7/2/2016,5664,388,17,772.03,a
496,1496,1/28/2016,5884,964,25,5634.89,b
497,1497,1/14/2016,5712,255,12,804.22,c
498,1498,5/2/2016,5757,535,7,439.15,a
499,1499,2/2/2016,5301,1089,24,1061.94,a
500,1500,1/31/2016,5597,565,24,2032.77,b
501,1501,12/1/2016,5863,863,6,3324.32,a
502,1502,1/25/2016,5265,301,26,4319.79,a
503,1503,11/2/2016,5113,1006,21,2146.33,c
504,1504,1/29/2016,5600,516,8,2858.96,b
505,1505,11/1/2016,5188,326,40,2249.59,d
506,1506,4/1/2016,5531,840,21,1131.12,c
507,1507,9/1/2016,5359,178,23,868.83,c
508,-1,6/1/2016,5297,1036,36,1010.03,d
509,1509,1/31/2016,5898,575,29,433.8,c
510,1510,4/1/2016,5914,813,25,1072.67,a
511,1511,8/1/2016,5254,657,23,2205.32,b
512,1512,12/1/2016,5635,709,7,1830.42,d
513,1513,1/30/2016,5988,904,40,1432.33,c
514,1514,1/16/2016,5498,880,5,345.36,b
515,1515,9/2/2016,5317,734,26,1641.62,d
516,1516,1/27/2016,5562,852,35,4054.37,a
517,1517,1/22/2016,5124,989,3,4645.97,b
518,1518,1/20/2016,5508,766,22,1856.79,d
519,1519,4/1/2016,5217,420,33,1959.08,b
520,1520,1/13/2016,5086,900,35,2427.53,b
521,1521,9/2/2016,5433,666,36,5272.54,a
522,-1,1/14/2016,5349,856,16,1379.21,b
523,1523,9/1/2016,5376,573,39,1657.28,d
524,1524,1/16/2016,5447,387,26,3529.44,a
525,1525,4/1/2016,5402,615,16,,a
526,1526,4/1/2016,5351,459,4,4655.2,c
527,1527,1/27/2016,5456,348,3,514.87,a
528,1528,1/23/2016,5436,980,26,1005.57,d
529,1529,2/1/2016,5638,880,36,4509.82,d
530,-1,12/1/2016,5778,526,37,2736.27,b
531,1531,1/21/2016,5474,109,19,3319.27,b
532,1532,11/2/2016,5892,771,30,4055.8,d
533,1533,6/1/2016,5587,182,33,3304.75,d
534,1534,10/2/2016,5370,258,14,1107.53,a
535,1535,1/16/2016,5592,701,17,743.29,c
536,1536,1/29/2016,5115,746,28,167.65,d
537,1537,1/25/2016,5603,927,18,4772.8,b
538,1538,2/2/2016,5654,257,4,3189.04,b
539,1539,1/13/2016,5162,647,8,3141.15,c
540,1540,1/30/2016,5079,786,28,386.52,d
541,1541,1/2/2016,5998,434,10,4105.14,a
542,1542,10/2/2016,5600,764,13,4789.31,b
543,1543,1/1/2016,5312,841,7,1532.85,d
544,1544,1/13/2016,5866,960,32,4472.66,c
545,1545,11/2/2016,5758,622,8,4086.82,a
546,1546,1/25/2016,5847,797,20,,c
547,1547,3/1/2016,5632,535,38,828.23,c
548,1548,5/2/2016,5089,493,3,4248.45,b
549,1549,1/22/2016,5134,457,34,1948.66,d
550,1550,5/1/2016,5031,340,28,3657.39,a
551,1551,1/22/2016,5814,750,6,2183.7,c
552,1552,1/27/2016,5624,169,24,2534.6,a
553,1553,9/2/2016,5681,339,29,3736.49,d
554,-1,2/2/2016,5159,208,25,2577.03,a
555,1555,1/31/2016,5262,436,36,1972.08,b
556,1556,1/25/2016,5154,693,41,2282.32,c
557,1557,1/25/2016,5085,337,6,2314.75,d
558,1558,10/1/2016,5458,264,16,2865,b
559,1559,1/16/2016,5025,638,10,,b
560,1560,3/2/2016,5485,986,41,,a
561,1561,1/14/2016,5146,800,37,2333.58,c
562,1562,11/2/2016,5519,818,6,525.34,b
563,1563,1/28/2016,5422,643,9,2375.68,a
564,1564,7/1/2016,5184,503,3,2563.64,d
565,1565,1/31/2016,5895,386,37,3580.95,c
566,1566,1/19/2016,5790,1037,40,2585.47,c
567,1567,2/1/2016,5711,426,40,3614.41,b
568,1568,5/1/2016,5020,429,12,4222.67,a
569,1569,7/2/2016,5026,430,33,1934.49,d
570,1570,1/20/2016,5322,241,11,2556.29,c
571,1571,4/1/2016,5575,1015,34,1526.45,d
572,1572,1/18/2016,5156,726,34,866.98,a
573,1573,1/1/2016,5825,1077,11,3385.25,b
574,1574,3/2/2016,5577,453,22,2398.15,a
575,1575,1/24/2016,5536,572,26,3522.83,c
576,1576,7/2/2016,5978,255,22,2722.49,b
577,1577,1/31/2016,5063,432,19,851.08,a
578,1578,9/1/2016,5866,619,15,2962.33,c
579,1579,1/22/2016,5874,694,21,4332.2,d
580,1580,1/13/2016,5984,341,9,3056.29,b
581,1581,1/26/2016,5600,501,2,297.84,d
582,1582,2/2/2016,5031,429,16,2223.77,c
583,1583,2/1/2016,5734,471,18,1841.22,d
584,1584,1/29/2016,5816,145,20,1645.21,c
585,1585,1/23/2016,5382,345,38,4510.34,c
586,1586,1/18/2016,5242,1067,6,2659.58,b
587,1587,9/1/2016,5667,804,14,1455.83,a
588,1588,9/2/2016,5882,580,3,284.26,c
589,1589,1/26/2016,5902,835,12,3139.63,a
590,1590,11/1/2016,5647,213,8,1140.98,a
591,1591,1/1/2016,5796,379,35,3347.04,c
592,1592,7/1/2016,5523,537,27,691.33,d
593,1593,8/2/2016,5693,485,40,266.01,d
594,1594,1/26/2016,5327,937,36,755.65,a
595,1595,4/1/2016,5664,388,17,998.33,c
596,1596,6/1/2016,5884,964,20,1103.01,a
597,1597,6/1/2016,5712,255,10,1678.61,a
598,1598,10/1/2016,5757,535,5,4807.38,b
599,1599,1/21/2016,5301,1089,3,2478.66,c
600,1600,1/19/2016,5597,565,35,5172.82,b
601,1601,1/16/2016,5863,863,34,4424.96,b
602,1602,1/16/2016,5265,301,34,1113.19,a
603,1603,7/2/2016,5113,1006,23,693.54,b
604,1604,1/22/2016,5600,516,9,4283.68,a
605,1605,5/2/2016,5188,326,17,160.36,a
606,1606,4/1/2016,5531,840,36,1247.36,b
607,1607,1/27/2016,5359,178,29,2251.22,c
608,1608,2/2/2016,5297,1036,15,75.33,c
609,1609,11/1/2016,5898,575,10,3576.2,c
610,1610,11/2/2016,5914,813,6,,d
611,1611,2/2/2016,5254,657,13,3512.53,d
612,1612,8/1/2016,5635,709,2,1025.93,b
613,1613,7/2/2016,5988,904,25,1811.78,d
614,1614,2/2/2016,5498,880,24,2073.9,d
615,1615,1/13/2016,5317,734,20,1475.73,b
616,1616,1/31/2016,5562,852,29,561.34,c
617,1617,6/1/2016,5124,989,13,1423.61,b
618,1618,1/19/2016,5508,766,37,3196.39,d
619,1619,1/22/2016,5217,420,3,3155.05,d
620,1620,1/20/2016,5086,900,7,1600.02,a
621,1621,1/29/2016,5433,666,11,3375.77,d
622,1622,5/1/2016,5349,856,36,1851.12,d
623,1623,1/26/2016,5376,573,23,585.75,b
624,1624,1/29/2016,5447,387,24,4726.26,c
625,1625,1/1/2016,5402,615,1,4372.95,a
626,1626,1/21/2016,5351,459,1,2377.48,a
627,1627,3/1/2016,5456,348,34,2240.6,d
628,1628,1/13/2016,5436,980,10,1302.41,d
629,1629,8/2/2016,5638,880,21,4013.39,a
630,1630,10/1/2016,5778,526,27,2321.77,d
631,1631,9/2/2016,5474,109,29,1508.83,c
632,1632,1/2/2016,5892,771,32,2801.49,c
633,1633,1/28/2016,5587,182,2,132.83,a
634,1634,5/2/2016,5370,258,12,2676.86,b
635,1635,7/1/2016,5592,701,9,135.24,b
636,1636,1/14/2016,5115,746,29,65.1,a
637,1637,7/1/2016,5603,927,34,3001.35,b
638,1638,1/20/2016,5654,257,3,2043.1,c
639,1639,9/1/2016,5162,647,14,1136.56,d
640,1640,1/18/2016,5079,786,37,4445.43,a
641,1641,1/28/2016,5998,434,38,1963.58,d
642,1642,1/29/2016,5600,764,32,2931.61,a
643,1643,1/30/2016,5312,841,5,918.92,d
644,1644,2/1/2016,5866,960,28,1092.74,b
645,1645,1/30/2016,5758,622,40,5668.55,c
646,1646,6/1/2016,5847,797,23,4065.73,a
647,1647,1/28/2016,5632,535,35,7063.46,c
648,1648,11/2/2016,5089,493,41,420.11,d
649,1649,10/2/2016,5134,457,40,3353.16,a
650,1650,1/23/2016,5031,340,12,1386.13,b
651,1651,3/2/2016,5814,750,32,3125.85,b
652,1652,1/31/2016,5624,169,33,574.17,c
653,1653,5/1/2016,5681,339,6,3407.72,a
654,1654,1/27/2016,5159,208,32,1470.7,a
655,1655,1/15/2016,5262,436,30,2412.64,d
656,1656,10/2/2016,5154,693,19,3220.31,b
657,1657,5/2/2016,5085,337,24,399.27,a
658,1658,1/29/2016,5458,264,22,541.95,d
659,1659,4/1/2016,5025,638,25,1670.72,b
660,1660,7/1/2016,5485,986,13,2094.77,b
661,1661,1/25/2016,5146,800,36,609.95,b
662,1662,1/15/2016,5519,818,32,591.11,a
663,1663,1/13/2016,5422,643,36,2856.07,d
664,1664,1/29/2016,5184,503,38,2987.62,c
665,1665,5/2/2016,5895,386,34,3553.38,c
666,1666,9/1/2016,5790,1037,33,561.26,b
667,1667,2/1/2016,5711,426,10,,a
668,1668,7/1/2016,5020,429,34,995.56,a
669,1669,3/2/2016,5026,430,8,2387.05,d
670,1670,1/29/2016,5322,241,2,307.22,a
671,1671,2/2/2016,5575,1015,12,593.04,c
672,1672,8/1/2016,5156,726,1,3573.3,c
673,1673,1/2/2016,5825,1077,5,2181.01,d
674,1674,1/20/2016,5577,453,22,762.34,d
675,1675,1/13/2016,5536,572,27,2777.6,c
676,1676,1/20/2016,5978,255,32,2134.04,b
677,1677,11/1/2016,5063,432,2,3161.64,c
678,1678,11/1/2016,5866,619,18,3394.25,a
679,1679,1/20/2016,5874,694,6,3268.35,b
680,1680,1/19/2016,5984,341,17,2829.41,d
681,1681,1/14/2016,5600,501,8,1975.05,d
682,1682,1/22/2016,5031,429,19,6211.38,c
683,1683,4/2/2016,5734,471,36,253.44,b
684,1684,8/2/2016,5816,145,15,835.48,c
685,1685,1/18/2016,5382,345,40,419.85,a
686,1686,5/1/2016,5242,1067,11,2128.34,b
687,1687,1/19/2016,5667,804,20,3177.03,c
688,1688,3/2/2016,5882,580,27,5089.23,c
689,1689,7/1/2016,5902,835,24,3026.3,d
690,1690,3/1/2016,5647,213,5,2719.91,c
691,1691,1/17/2016,5796,379,32,3088.59,a
692,1692,1/19/2016,5523,537,2,3860.29,a
693,1693,1/23/2016,5693,485,25,202.42,c
694,1694,1/26/2016,5327,937,11,3570.94,c
695,1695,10/2/2016,5664,388,10,1186.5,d
696,1696,7/2/2016,5884,964,11,1855.36,a
697,1697,8/1/2016,5712,255,26,3658.96,d
698,1698,1/14/2016,5757,535,34,3882.31,c
699,1699,1/16/2016,5301,1089,4,6805.76,c
700,1700,1/20/2016,5597,565,26,1042.93,a
701,1701,1/24/2016,5863,863,12,3442.3,d
702,1702,1/20/2016,5265,301,32,2181.17,b
703,1703,5/2/2016,5113,1006,41,1697.16,b
704,1704,11/2/2016,5600,516,7,3171.13,a
705,1705,1/21/2016,5188,326,22,2383.68,b
706,1706,8/1/2016,5531,840,39,670.69,c
707,1707,3/1/2016,5359,178,31,2192.25,c
708,1708,1/28/2016,5297,1036,19,887.13,b
709,1709,11/1/2016,5898,575,15,2103.98,a
710,1710,8/2/2016,5914,813,27,2035.99,a
711,1711,11/2/2016,5254,657,12,778.33,c
712,1712,1/26/2016,5635,709,27,2043.35,d
713,1713,1/20/2016,5988,904,37,1649.33,a
714,1714,7/1/2016,5498,880,38,3253.18,b
715,1715,8/1/2016,5317,734,23,818.61,a
716,1716,6/2/2016,5562,852,1,4135.4,d
717,1717,1/22/2016,5124,989,32,3032.04,b
718,1718,1/18/2016,5508,766,19,2443.9,a
719,1719,1/31/2016,5217,420,40,2645.39,a
720,1720,1/31/2016,5086,900,3,329.3,b
721,1721,1/1/2016,5433,666,39,954.2,b
722,1722,4/2/2016,5349,856,2,2664.38,d
723,-1,1/17/2016,5376,573,11,1624.69,d
724,1724,1/15/2016,5447,387,19,1887.81,c
725,1725,11/1/2016,5402,615,23,4577.96,c
726,1726,1/19/2016,5351,459,27,3407.57,a
727,1727,1/31/2016,5456,348,24,984.44,c
728,1728,1/13/2016,5436,980,27,441.76,c
729,1729,1/25/2016,5638,880,28,3133.75,d
730,1730,1/1/2016,5778,526,37,2653,a
731,1731,2/2/2016,5474,109,21,1127.35,b
732,1732,6/1/2016,5892,771,39,489.59,a
733,1733,3/2/2016,5587,182,18,245.86,b
734,1734,1/17/2016,5370,258,13,1492.15,d
735,1735,1/27/2016,5592,701,28,,c
736,1736,4/1/2016,5115,746,11,908.43,b
737,1737,1/25/2016,5603,927,33,525.83,c
738,1738,12/1/2016,5654,257,12,2210.42,b
739,-1,2/1/2016,5162,647,27,1034.88,d
740,1740,11/1/2016,5079,786,7,1963.21,a
741,1741,9/2/2016,5998,434,40,5617.26,a
742,1742,1/25/2016,5600,764,19,1058.79,b
743,1743,10/1/2016,5312,841,17,1968.51,c
744,1744,3/1/2016,5866,960,20,2306.67,d
745,1745,11/2/2016,5758,622,31,1462.72,a
746,1746,1/29/2016,5847,797,16,1903.96,a
747,1747,5/2/2016,5632,535,3,474.03,a
748,1748,4/1/2016,5089,493,21,3952.23,a
749,1749,4/1/2016,5134,457,35,3565.15,b
750,1750,1/22/2016,5031,340,13,236.1,b
751,1751,7/1/2016,5814,750,30,4022.2,d
752,1752,3/1/2016,5624,169,5,5237.26,b
753,1753,8/2/2016,5681,339,8,2714.23,d
754,1754,1/22/2016,5159,208,8,287.06,a
755,1755,1/27/2016,5262,436,25,3903.78,d
756,1756,1/25/2016,5154,693,5,2363.62,c
757,1757,2/1/2016,5085,337,15,1900.08,b
758,1758,1/23/2016,5458,264,25,900.95,c
759,1759,9/2/2016,5025,638,41,2556.28,a
760,1760,1/22/2016,5485,986,12,3063.03,b
761,1761,1/30/2016,5146,800,30,5225.01,b
762,1762,2/1/2016,5519,818,24,,a
763,1763,11/2/2016,5422,643,13,4952.98,d
764,1764,1/21/2016,5184,503,39,2530.74,c
765,1765,3/2/2016,5895,386,40,205.37,d
766,1766,9/2/2016,5790,1037,19,4664.48,a
767,1767,10/2/2016,5711,426,38,2989.09,d
768,1768,6/2/2016,5020,429,18,3737.54,b
769,-1,1/13/2016,5026,430,40,5834.55,b
770,1770,7/1/2016,5322,241,37,,d
771,1771,10/2/2016,5575,1015,14,1462.98,b
772,1772,7/1/2016,5156,726,3,3228.48,a
773,1773,8/1/2016,5825,1077,12,40.06,a
774,1774,2/2/2016,5577,453,18,3423.73,c
775,1775,5/2/2016,5536,572,41,1393,c
776,1776,1/26/2016,5978,255,25,2276.32,b
777,1777,3/1/2016,5063,432,29,,b
778,1778,7/2/2016,5866,619,41,2182.59,c
779,1779,1/20/2016,5874,694,37,3570.14,b
780,1780,1/18/2016,5984,341,23,776.11,d
781,1781,1/19/2016,5600,501,1,3000.61,c
782,1782,3/2/2016,5031,429,20,1020.65,c
783,1783,11/1/2016,5734,471,26,2798.27,d
784,1784,6/2/2016,5816,145,22,1845.89,c
785,1785,1/29/2016,5382,345,2,604.37,b
786,1786,1/14/2016,5242,1067,2,2237.56,d
787,1787,3/2/2016,5667,804,40,4258.42,d
788,1788,3/1/2016,5882,580,16,4698.44,d
789,1789,12/1/2016,5902,835,2,3249.98,c
790,1790,1/27/2016,5647,213,14,1585,c
791,1791,1/23/2016,5796,379,27,,d
792,1792,1/17/2016,5523,537,5,2613.28,a
793,1793,1/14/2016,5693,485,33,114.67,d
794,1794,1/24/2016,5327,937,6,190.29,d
795,1795,1/26/2016,5664,388,2,1127.32,a
796,1796,1/16/2016,5884,964,30,1553.07,a
797,1797,3/2/2016,5712,255,30,2123.91,a
798,1798,1/17/2016,5757,535,12,1051.59,c
799,1799,11/2/2016,5301,1089,15,3213.96,a
800,1800,3/2/2016,5597,565,27,,c
801,1801,1/24/2016,5863,863,3,764.51,a
802,1802,2/2/2016,5265,301,8,4558.6,c
803,1803,1/16/2016,5113,1006,4,738.55,a
804,1804,1/20/2016,5600,516,41,426.3,d
805,1805,9/2/2016,5188,326,17,533.14,d
806,1806,1/25/2016,5531,840,14,3444.34,c
807,1807,5/1/2016,5359,178,19,5428.61,a
808,1808,1/1/2016,5297,1036,20,3702.49,a
809,1809,4/2/2016,5898,575,20,2989.48,c
810,1810,5/1/2016,5914,813,28,1.51,a
811,1811,7/1/2016,5254,657,10,2136.37,d
812,1812,1/31/2016,5635,709,20,5589.58,b
813,1813,8/2/2016,5988,904,11,1873.44,b
814,1814,3/1/2016,5498,880,27,3539.54,a
815,1815,10/1/2016,5317,734,29,1768.97,a
816,1816,6/2/2016,5562,852,17,859.05,b
817,1817,5/2/2016,5124,989,3,664.55,a
818,1818,4/1/2016,5508,766,41,4257.55,b
819,1819,2/1/2016,5217,420,1,344.02,b
820,1820,1/26/2016,5086,900,35,3661.5,b
821,1821,11/1/2016,5433,666,5,2047.07,a
822,1822,11/2/2016,5349,856,1,2654.29,c
823,1823,1/21/2016,5376,573,18,3480.31,b
824,1824,7/1/2016,5447,387,21,701.45,c
825,1825,7/2/2016,5402,615,38,3406.4,b
826,1826,1/14/2016,5351,459,13,1602.89,b
827,1827,1/23/2016,5456,348,22,2456.46,b
828,1828,8/2/2016,5436,980,33,598.67,d
829,1829,1/14/2016,5638,880,33,1658.98,d
830,1830,5/2/2016,5778,526,22,3261.14,d
831,1831,1/29/2016,5474,109,30,6300.53,d
832,-1,6/2/2016,5892,771,41,1827.62,d
833,1833,4/2/2016,5587,182,8,5717.41,a
834,1834,1/23/2016,5370,258,17,220.99,c
835,1835,9/2/2016,5592,701,3,321.39,b
836,1836,1/17/2016,5115,746,30,4899.68,c
837,1837,1/1/2016,5603,927,33,5247.32,d
838,1838,3/2/2016,5654,257,25,1953.49,c
839,1839,5/1/2016,5162,647,28,1062.07,b
840,1840,2/1/2016,5079,786,28,2500.02,c
841,1841,4/2/2016,5998,434,7,8906.53,c
842,1842,3/2/2016,5600,764,41,443.05,b
843,1843,5/1/2016,5312,841,11,509.42,c
844,1844,1/20/2016,5866,960,21,2810.07,c
845,1845,8/1/2016,5758,622,14,2191.38,d
846,1846,6/1/2016,5847,797,14,2409.64,a
847,1847,11/1/2016,5632,535,7,1925.01,d
848,1848,10/1/2016,5089,493,33,3554.76,c
849,1849,8/1/2016,5134,457,3,37.28,b
850,1850,5/1/2016,5031,340,4,471.19,d
851,1851,1/14/2016,5814,750,11,358.53,c
852,1852,1/16/2016,5624,169,16,792.55,c
853,1853,1/24/2016,5681,339,38,1549.07,c
854,1854,3/1/2016,5159,208,41,6105.04,c
855,1855,1/20/2016,5262,436,32,528.04,a
856,1856,9/1/2016,5154,693,5,1544.6,d
857,1857,1/2/2016,5085,337,16,3980.82,d
858,-1,1/19/2016,5458,264,25,2143.51,b
859,1859,1/17/2016,5025,638,20,1516.94,d
860,1860,1/27/2016,5485,986,10,4758.94,b
861,1861,1/20/2016,5146,800,3,202.88,c
862,1862,1/21/2016,5519,818,5,4485.26,a
863,1863,1/17/2016,5422,643,29,3219.88,a
864,1864,11/2/2016,5184,503,39,2612.48,d
865,1865,4/1/2016,5895,386,24,5104.24,a
866,1866,1/15/2016,5790,1037,40,358.71,b
867,1867,8/2/2016,5711,426,4,945.03,d
868,1868,1/30/2016,5020,429,2,610.68,d
869,1869,1/17/2016,5026,430,15,3315.35,a
870,1870,1/17/2016,5322,241,35,5160.2,c
871,-1,9/1/2016,5575,1015,2,968.51,d
872,1872,1/17/2016,5156,726,7,399.44,b
873,1873,5/2/2016,5825,1077,38,5859.96,c
874,1874,1/14/2016,5577,453,14,1375.09,a
875,1875,1/15/2016,5536,572,10,935.37,a
876,1876,1/2/2016,5978,255,34,845.58,c
877,1877,2/2/2016,5063,432,20,,b
878,1878,1/27/2016,5866,619,14,534.34,c
879,1879,1/14/2016,5874,694,23,499.25,d
880,1880,11/1/2016,5984,341,11,4464.12,d
881,1881,1/19/2016,5600,501,13,2108.61,a
882,1882,9/1/2016,5031,429,7,4071.38,b
883,1883,1/23/2016,5734,471,39,864.91,c
884,1884,7/1/2016,5816,145,2,674.43,d
885,1885,4/1/2016,5382,345,36,1106,b
886,1886,1/21/2016,5242,1067,3,3153.58,b
887,1887,1/20/2016,5667,804,39,656.25,a
888,1888,2/1/2016,5882,580,25,3494.67,b
889,1889,1/20/2016,5902,835,24,197.74,a
890,1890,5/2/2016,5647,213,14,734.79,a
891,1891,5/2/2016,5796,379,40,2398.51,d
892,1892,8/1/2016,5523,537,27,3662.52,b
893,1893,1/21/2016,5693,485,2,3998.65,b
894,1894,9/2/2016,5327,937,31,1356.71,c
895,1895,1/22/2016,5664,388,13,3515.16,a
896,1896,2/2/2016,5884,964,12,560.06,a
897,1897,1/16/2016,5712,255,12,1683.58,c
898,1898,1/21/2016,5757,535,25,4489.17,a
899,1899,2/2/2016,5301,1089,3,855.4,d
900,1900,1/29/2016,5597,565,14,424.01,a
901,1901,1/30/2016,5863,863,39,176.57,b
902,1902,2/1/2016,5265,301,18,3678.87,d
903,1903,1/25/2016,5113,1006,8,1025.48,c
904,1904,11/1/2016,5600,516,34,1743.95,a
905,1905,6/1/2016,5188,326,29,1.41,c
906,1906,1/30/2016,5531,840,1,262.18,c
907,1907,1/13/2016,5359,178,3,1017.87,b
908,1908,1/13/2016,5297,1036,34,4282.65,d
909,1909,3/2/2016,5898,575,2,2620.06,b
910,1910,3/2/2016,5914,813,10,1967.91,a
911,1911,10/2/2016,5254,657,19,1421.81,d
912,1912,4/1/2016,5635,709,36,1995.96,a
913,1913,1/26/2016,5988,904,7,2716.92,a
914,1914,4/1/2016,5498,880,17,4058.11,a
915,1915,7/2/2016,5317,734,22,812.09,b
916,1916,1/31/2016,5562,852,17,3816.64,d
917,-1,8/2/2016,5124,989,2,3390.05,b
918,1918,1/13/2016,5508,766,10,3042.02,a
919,1919,8/1/2016,5217,420,35,4096.49,a
920,1920,4/1/2016,5086,900,15,840.31,c
921,1921,1/29/2016,5433,666,13,1131.06,c
922,1922,4/2/2016,5349,856,8,1225.71,a
923,1923,10/1/2016,5376,573,24,1927.31,b
924,1924,9/2/2016,5447,387,16,5083.3,d
925,1925,8/2/2016,5402,615,21,582.42,d
926,1926,2/2/2016,5351,459,35,810.34,d
927,1927,1/2/2016,5456,348,20,2660.78,c
928,1928,2/2/2016,5436,980,1,1496.41,a
929,1929,1/28/2016,5638,880,31,1604.08,c
930,1930,1/18/2016,5778,526,24,3744.74,d
931,1931,7/2/2016,5474,109,15,3934.15,d
932,1932,4/2/2016,5892,771,18,1304.95,b
933,1933,3/1/2016,5587,182,13,2128.88,c
934,1934,10/1/2016,5370,258,12,2601.8,d
935,1935,4/2/2016,5592,701,15,668.84,a
936,1936,1/1/2016,5115,746,22,5105.48,d
937,1937,5/1/2016,5603,927,30,1376.08,a
938,1938,1/2/2016,5654,257,1,2059.37,c
939,1939,12/1/2016,5162,647,12,2755.7,a
940,1940,1/24/2016,5079,786,27,3373.95,b
941,1941,8/1/2016,5998,434,4,2137.34,d
942,1942,1/15/2016,5600,764,11,2448.22,c
943,1943,1/22/2016,5312,841,34,3485.06,a
944,1944,1/28/2016,5866,960,22,619.03,c
945,1945,10/1/2016,5758,622,2,4822.58,c
946,1946,10/1/2016,5847,797,1,727.73,b
947,1947,11/1/2016,5632,535,35,2971.45,a
948,1948,8/2/2016,5089,493,14,2587,b
949,-1,1/23/2016,5134,457,26,168.9,d
950,1950,3/2/2016,5031,340,7,443.79,b
951,1951,2/2/2016,5814,750,27,4056.81,d
952,1952,1/25/2016,5624,169,34,4115.63,d
953,1953,1/16/2016,5681,339,30,1197.09,d
954,1954,1/1/2016,5159,208,37,3171.39,d
955,1955,1/26/2016,5262,436,11,4257.55,c
956,1956,1/21/2016,5154,693,41,2338.12,d
957,1957,1/24/2016,5085,337,23,648.22,c
958,1958,7/2/2016,5458,264,22,253.08,c
959,1959,11/2/2016,5025,638,31,164.96,d
960,1960,3/1/2016,5485,986,13,192.22,c
961,1961,1/30/2016,5146,800,31,2173.41,c
962,1962,11/1/2016,5519,818,9,1153.25,b
963,1963,1/23/2016,5422,643,19,349.94,a
964,1964,6/2/2016,5184,503,19,671.2,c
965,1965,1/25/2016,5895,386,31,1150.62,b
966,1966,1/23/2016,5790,1037,10,511.07,d
967,1967,1/1/2016,5711,426,41,1890.64,b
968,1968,2/1/2016,5020,429,3,4148.02,b
969,1969,1/31/2016,5026,430,21,2582.98,d
970,1970,1/15/2016,5322,241,22,3150.33,a
971,1971,2/2/2016,5575,1015,21,,b
972,1972,1/2/2016,5156,726,26,5001.1,d
973,1973,4/1/2016,5825,1077,21,736.29,d
974,1974,10/2/2016,5577,453,22,510.44,b
975,1975,1/17/2016,5536,572,29,1513.08,b
976,1976,1/21/2016,5978,255,36,501.54,b
977,1977,1/17/2016,5063,432,28,2941.65,b
978,1978,1/26/2016,5866,619,11,4931.35,c
979,1979,7/1/2016,5874,694,17,311.77,a
980,1980,11/1/2016,5984,341,9,1040.26,a
981,1981,1/18/2016,5600,501,31,704.15,a
982,1982,1/15/2016,5031,429,22,216.94,d
983,1983,1/29/2016,5734,471,20,1963.86,d
984,1984,8/2/2016,5816,145,32,1360.05,a
985,1985,1/20/2016,5382,345,37,1100.47,c
986,1986,6/1/2016,5242,1067,30,213.49,b
987,1987,2/2/2016,5667,804,21,4219.59,c
988,1988,1/25/2016,5882,580,28,1373.98,a
989,1989,1/27/2016,5902,835,38,23.47,a
990,1990,1/13/2016,5647,213,33,886.07,d
991,-1,3/2/2016,5796,379,14,294.71,b
992,1992,1/2/2016,5523,537,23,235.31,a
993,1993,1/21/2016,5693,485,37,15.77,c
994,1994,10/2/2016,5327,937,39,211.32,d
995,1995,1/27/2016,5664,388,24,2923.65,a
996,1996,1/16/2016,5884,964,7,4853.56,a
997,1997,1/29/2016,5712,255,8,2314.56,c
998,1998,12/1/2016,5757,535,12,5270.28,c
999,1999,2/1/2016,5301,1089,5,6515.26,b
